"UID_V","UID_A"
"V001","A001"
"V002","A001"
"V003","A001"
"V004","A001"
"V005","A002"
"V006","A002"
"V007","A002"
"V008","A002"
"V009","A003"
"V010","A003"
"V011","A003"
"V012","A003"
"V013","A003"
"V014","A003"
"V015","A003"
"V016","A003"
"V017","A004"
"V018","A004"
"V019","A004"
"V020","A004"
"V021","A004"
"V022","A004"
"V023","A004"
"V024","A005"
"V025","A005"
"V026","A005"
"V027","A005"
"V028","A005"
"V029","A006"
"V030","A006"
"V031","A006"
"V032","A006"
"V033","A006"
"V034","A006"
"V035","A006"
"V036","A006"
"V037","A007"
"V038","A007"
"V039","A007"
"V040","A008"
"V041","A008"
"V042","A008"
"V043","A009"
"V044","A010"
"V045","A010"
"V046","A010"
"V047","A010"
"V048","A010"
"V049","A010"
"V050","A010"
"V051","A011"
"V052","A011"
"V053","A011"
"V054","A011"
"V055","A011"
"V056","A011"
"V057","A011"
"V058","A011"
"V059","A012"
"V060","A012"
"V061","A012"
"V062","A012"
"V063","A013"
"V064","A014"
"V065","A014"
"V066","A014"
"V067","A014"
"V068","A014"
"V069","A014"
"V070","A014"
"V071","A014"
"V072","A015"
"V073","A015"
"V074","A015"
"V075","A015"
"V076","A015"
"V077","A015"
"V078","A015"
"V079","A016"
"V080","A017"
"V081","A017"
"V082","A017"
"V083","A017"
"V084","A017"
"V085","A017"
"V086","A018"
"V087","A019"
"V088","A020"
"V089","A020"
"V090","A020"
"V091","A020"
"V092","A020"
"V093","A020"
"V094","A020"
"V095","A021"
"V096","A021"
"V097","A021"
"V098","A021"
"V099","A022"
"V100","A023"
"V101","A023"
"V102","A023"
"V103","A023"
"V104","A023"
"V105","A023"
"V106","A024"
"V107","A024"
"V108","A024"
"V109","A024"
"V110","A024"
"V111","A024"
"V112","A024"
"V113","A024"
"V114","A025"
"V115","A025"
"V116","A025"
"V117","A025"
"V118","A025"
"V119","A025"
"V120","A025"
"V121","A025"
"V122","A026"
"V123","A026"
"V124","A026"
"V125","A026"
"V126","A026"
"V127","A027"
"V128","A027"
"V129","A027"
"V130","A028"
"V131","A029"
"V132","A029"
"V133","A029"
"V134","A029"
"V135","A029"
"V136","A030"
"V137","A030"
"V138","A030"
"V139","A031"
"V140","A032"
"V141","A033"
"V142","A034"
"V143","A034"
"V144","A034"
"V145","A035"
"V146","A035"
"V147","A035"
"V148","A036"
"V149","A036"
"V150","A036"
"V151","A036"
"V152","A037"
"V153","A037"
"V154","A037"
"V155","A037"
"V156","A037"
"V157","A037"
"V158","A037"
"V159","A037"
"V160","A037"
"V161","A038"
"V162","A039"
"V163","A040"
"V164","A041"
"V165","A042"
"V166","A042"
"V167","A042"
"V168","A042"
"V169","A043"
"V170","A044"
"V171","A045"
"V172","A045"
"V173","A045"
"V174","A045"
"V175","A045"
"V176","A045"
"V177","A045"
"V178","A046"
"V179","A046"
"V180","A046"
"V181","A046"
"V182","A046"
"V183","A046"
"V184","A046"
"V185","A047"
"V186","A047"
"V187","A047"
"V188","A047"
"V189","A047"
"V190","A047"
"V191","A047"
"V192","A047"
"V193","A048"
"V194","A049"
"V195","A049"
"V196","A049"
"V197","A050"
"V198","A050"
"V199","A050"
"V200","A050"
"V201","A050"
"V202","A050"
"V203","A050"
"V204","A050"
"V205","A050"
"V206","A050"
"V207","A050"
"V208","A050"
"V209","A050"
"V210","A050"
"V211","A050"
"V212","A050"
"V213","A051"
"V214","A051"
"V215","A051"
"V216","A051"
"V217","A051"
"V218","A051"
"V219","A051"
"V220","A051"
"V221","A051"
"V222","A052"
"V223","A052"
"V224","A052"
"V225","A052"
"V226","A052"
"V227","A052"
"V228","A052"
"V229","A052"
"V230","A052"
"V231","A052"
"V232","A052"
"V233","A052"
"V234","A052"
"V235","A053"
"V236","A053"
"V237","A053"
"V238","A053"
"V239","A053"
"V240","A053"
"V241","A053"
"V242","A053"
"V243","A053"
"V244","A053"
"V245","A053"
"V246","A053"
"V247","A053"
"V248","A053"
"V249","A053"
"V250","A053"
"V251","A053"
"V252","A053"
"V253","A054"
"V254","A054"
"V255","A054"
"V256","A055"
"V257","A055"
"V258","A055"
"V259","A055"
"V260","A055"
"V261","A055"
"V262","A055"
"V263","A056"
"V264","A056"
"V265","A056"
"V266","A056"
"V267","A056"
"V268","A056"
"V269","A056"
"V270","A057"
"V271","A057"
"V272","A057"
"V273","A057"
"V274","A057"
"V275","A057"
"V276","A057"
"V277","A058"
"V278","A058"
"V279","A058"
"V280","A058"
"V281","A058"
"V282","A058"
"V283","A058"
"V284","A058"
"V285","A058"
"V286","A058"
"V287","A058"
"V288","A058"
"V289","A058"
"V290","A058"
"V291","A058"
"V292","A058"
"V293","A058"
"V294","A058"
"V295","A058"
"V296","A058"
"V297","A059"
"V298","A060"
"V299","A061"
"V300","A062"
"V301","A063"
"V302","A064"
"V303","A065"
"V304","A065"
"V305","A065"
"V306","A065"
"V307","A065"
"V308","A065"
"V309","A065"
"V310","A065"
"V311","A065"
"V312","A066"
"V313","A066"
"V314","A066"
"V315","A067"
"V316","A068"
"V317","A069"
"V318","A070"
"V319","A070"
"V320","A070"
"V321","A070"
"V322","A070"
"V323","A071"
"V324","A072"
"V325","A072"
"V326","A072"
"V327","A072"
"V328","A072"
"V329","A072"
"V330","A072"
"V331","A073"
"V332","A073"
"V333","A073"
"V334","A073"
"V335","A073"
"V336","A073"
"V337","A074"
"V338","A074"
"V339","A074"
"V340","A074"
"V341","A074"
"V342","A074"
"V343","A074"
"V344","A075"
"V345","A075"
"V346","A075"
"V347","A075"
"V348","A075"
"V349","A075"
"V350","A076"
"V351","A076"
"V352","A077"
"V353","A077"
"V354","A077"
"V355","A077"
"V356","A078"
"V357","A078"
"V358","A078"
"V359","A078"
"V360","A079"
"V361","A079"
"V362","A079"
"V363","A079"
"V364","A080"
"V365","A081"
"V366","A081"
"V367","A081"
"V368","A081"
"V369","A081"
"V370","A082"
"V371","A082"
"V372","A082"
"V373","A082"
"V374","A082"
"V375","A082"
"V376","A082"
"V377","A082"
"V378","A083"
"V379","A083"
"V380","A083"
"V381","A083"
"V382","A084"
"V383","A084"
"V384","A084"
"V385","A084"
"V386","A084"
"V387","A084"
"V388","A084"
"V389","A084"
"V390","A084"
"V391","A085"
"V392","A085"
"V393","A085"
"V394","A085"
"V395","A085"
"V396","A086"
"V397","A086"
"V398","A086"
"V399","A086"
"V400","A087"
"V401","A087"
"V402","A087"
"V403","A087"
"V404","A088"
"V405","A088"
"V406","A088"
"V407","A089"
"V408","A089"
"V409","A089"
"V410","A090"
"V411","A090"
"V412","A091"
"V413","A092"
"V414","A092"
"V415","A093"
"V416","A094"
"V417","A094"
"V418","A094"
"V419","A094"
"V420","A094"
"V421","A094"
"V422","A095"
"V423","A095"
"V424","A095"
"V425","A096"
"V426","A097"
"V427","A097"
"V428","A097"
"V429","A098"
"V430","A098"
"V431","A099"
"V432","A099"
"V433","A099"
"V434","A099"
"V435","A099"
"V436","A100"
"V437","A100"
"V438","A100"
"V439","A100"
"V440","A100"
"V441","A100"
"V442","A100"
"V443","A100"
"V444","A100"
"V445","A100"
"V446","A101"
"V447","A101"
"V448","A101"
"V449","A102"
"V450","A102"
"V451","A102"
"V452","A102"
"V453","A102"
"V454","A102"
"V455","A102"
"V456","A102"
"V457","A102"
"V458","A103"
"V459","A103"
"V460","A103"
"V461","A103"
"V462","A103"
"V463","A103"
"V464","A104"
"V465","A104"
"V466","A104"
"V467","A104"
"V468","A104"
"V469","A104"
"V470","A104"
"V471","A104"
"V472","A105"
"V473","A105"
"V474","A105"
"V475","A105"
"V476","A105"
"V477","A105"
"V478","A106"
"V479","A107"
"V480","A107"
"V481","A107"
"V482","A107"
"V483","A107"
"V484","A107"
"V485","A107"
"V486","A108"
"V487","A109"
"V488","A109"
"V489","A109"
"V490","A109"
"V491","A109"
"V492","A109"
"V493","A109"
"V494","A109"
"V495","A109"
"V496","A110"
"V497","A110"
"V498","A110"
"V499","A111"
"V500","A111"
"V501","A111"
"V502","A111"
"V503","A111"
"V504","A111"
"V505","A111"
"V506","A111"
"V507","A111"
"V508","A111"
"V509","A112"
"V510","A112"
"V511","A112"
"V512","A112"
"V513","A112"
"V514","A112"
"V515","A113"
"V516","A113"
"V517","A113"
"V518","A113"
"V519","A113"
"V520","A113"
"V521","A113"
"V522","A114"
"V523","A114"
"V524","A114"
"V525","A114"
"V526","A114"
"V527","A115"
"V528","A115"
"V529","A115"
"V530","A115"
"V531","A115"
"V532","A115"
"V533","A115"
"V534","A115"
"V535","A115"
"V536","A116"
"V537","A116"
"V538","A116"
"V539","A116"
"V540","A117"
"V541","A118"
"V542","A118"
"V543","A118"
"V544","A119"
"V545","A119"
"V546","A119"
"V547","A119"
"V548","A120"
"V549","A121"
"V550","A121"
"V551","A122"
"V552","A122"
"V553","A122"
"V554","A122"
"V555","A122"
"V556","A122"
"V557","A122"
"V558","A123"
"V559","A124"
"V560","A124"
"V561","A124"
"V562","A124"
"V563","A124"
"V564","A124"
"V565","A124"
"V566","A124"
"V567","A124"
"V568","A124"
"V569","A124"
"V570","A124"
"V571","A125"
"V572","A125"
"V573","A125"
"V574","A125"
"V575","A126"
"V576","A126"
"V577","A126"
"V578","A126"
"V579","A126"
"V580","A126"
"V581","A127"
"V582","A127"
"V583","A127"
"V584","A127"
"V585","A127"
"V586","A127"
"V587","A128"
"V588","A128"
"V589","A128"
"V590","A128"
"V591","A128"
"V592","A128"
"V593","A128"
"V594","A128"
"V595","A128"
"V596","A128"
"V597","A129"
"V598","A130"
"V599","A131"
"V600","A132"
"V601","A132"
"V602","A132"
"V603","A132"
"V604","A132"
"V605","A132"
"V606","A132"
"V607","A132"
"V608","A133"
"V609","A133"
"V610","A133"
"V611","A134"
"V612","A134"
"V613","A134"
"V614","A134"
"V615","A134"
"V616","A135"
"V617","A135"
"V618","A135"
"V619","A135"
"V620","A135"
"V621","A135"
"V622","A136"
"V623","A136"
"V624","A136"
"V625","A137"
"V626","A137"
"V627","A137"
"V628","A137"
"V629","A138"
"V630","A139"
"V631","A139"
"V632","A139"
"V633","A140"
"V634","A140"
"V635","A140"
"V636","A141"
"V637","A141"
"V638","A141"
"V639","A141"
"V640","A141"
"V641","A141"
"V642","A142"
"V643","A142"
"V644","A142"
"V645","A143"
"V646","A143"
"V647","A143"
"V648","A143"
"V649","A143"
"V650","A143"
"V651","A144"
"V652","A144"
"V653","A144"
"V654","A145"
"V655","A145"
"V656","A145"
"V657","A145"
"V658","A145"
"V659","A146"
"V660","A147"
"V661","A147"
"V662","A147"
"V663","A147"
"V664","A147"
"V665","A147"
"V666","A147"
"V667","A147"
"V668","A148"
"V669","A148"
"V670","A148"
"V671","A148"
"V672","A148"
"V673","A149"
"V674","A149"
"V675","A149"
"V676","A149"
"V677","A149"
"V678","A149"
"V679","A149"
"V680","A149"
"V681","A149"
"V682","A149"
"V683","A149"
"V684","A150"
"V685","A150"
"V686","A150"
"V687","A150"
"V688","A150"
"V689","A150"
"V690","A151"
"V691","A151"
"V692","A151"
"V693","A151"
"V694","A151"
"V695","A151"
"V696","A151"
"V697","A151"
"V698","A151"
"V699","A151"
"V700","A151"
"V701","A151"
"V702","A151"
"V703","A151"
"V704","A151"
"V705","A151"
"V706","A152"
"V707","A152"
"V708","A152"
"V709","A152"
"V710","A152"
"V711","A152"
"V712","A153"
"V713","A153"
"V714","A153"
"V715","A153"
"V716","A153"
"V717","A153"
"V718","A153"
"V719","A153"
"V720","A153"
"V721","A153"
"V722","A153"
"V723","A153"
"V724","A153"
